epoch,steps,dot_score-Accuracy@10,dot_score-Precision@10,dot_score-Recall@10,dot_score-MRR@10,dot_score-NDCG@10,dot_score-MAP@10
-1,-1,0.6992103374012921,0.07347451543431442,0.6312096195262025,0.49444173816930415,0.5033812821138997,0.44716829612917186
-1,-1,0.7027997128499641,0.07408470926058865,0.635163914812156,0.48615740265955587,0.4994513699193261,0.4411645434276446
-1,-1,0.678391959798995,0.07124910265613783,0.6120423546302943,0.4664253808726169,0.4791576552417622,0.4224472703654326
-1,-1,0.5994256999282125,0.06223977027997129,0.5380832735104092,0.399002096651056,0.41332949803893837,0.3609404377328821
-1,-1,0.7114142139267767,0.0754845656855707,0.6434912658530749,0.5012685308629311,0.5122504366271634,0.45437743327370034
-1,-1,0.6062455132806892,0.06328068916008615,0.5457346255084948,0.39045653437254346,0.4087435605910401,0.35256746933837746
-1,-1,0.8546302943287868,0.09292893036611628,0.7785534816941853,0.653391959798994,0.6536676786434696,0.593769409215389
