epoch,steps,dot_score-Accuracy@10,dot_score-Precision@10,dot_score-Recall@10,dot_score-MRR@10,dot_score-NDCG@10,dot_score-MAP@10
-1,-1,0.7692031586503948,0.08155061019382627,0.6938023450586264,0.5632566175548943,0.5686011104188272,0.5110383265534019
-1,-1,0.7692031586503948,0.08155061019382627,0.6938023450586264,0.5632566175548943,0.5686011104188272,0.5110383265534019
-1,-1,0.7692031586503948,0.08155061019382627,0.6938023450586264,0.5632566175548943,0.5686011104188272,0.5110383265534019
-1,-1,0.7692031586503948,0.08155061019382627,0.6938023450586264,0.5632566175548943,0.5686011104188272,0.5110383265534019
-1,-1,0.7692031586503948,0.08155061019382627,0.6938023450586264,0.5632566175548943,0.5686011104188272,0.5110383265534019
-1,-1,0.7692031586503948,0.08155061019382627,0.6938023450586264,0.5632566175548943,0.5686011104188272,0.5110383265534019
-1,-1,0.8546302943287868,0.09292893036611628,0.7785534816941853,0.6532878394238758,0.6535472592285907,0.5935718511301784
